{
        "Identification": {
                "FirstName": "Bob",
                "LastName": "Frederick",
                "DOB": "06/21/1980",
                "Gender": "M",
                "Title": "Manager"
        },
        "Address": [{
                "type ": "home",
                "number": 1234,
                "street": "blah blah St",
                "Unit": "1 a",
                "City": "Somewhere",
                "State": "WV",
                "zipcode": "12345"
        }],
        "Communication": [{
                        "type": "email",
                        "value": "bfe@sample.com",
                        "preferred" : "true"
                },
                {
                        "type": "cell",
                        "value": "304-555-8282"
                }
        ]
}
